Device Name,Owner User ID,Description,Directory Number 1,Display 1,ASCII Display 1
CSFrshears,rshears,Rita Shears Jabber,4117,Rita Shears,Rita Shears 4117
CSFknight,knight,Kary Knight Jabber,3866,Kary Knight,Kary Knight 3866
CSFkdeleon,kdeleon,Krista Deleon Jabber,4275,Krista Deleon,Krista Deleon 4275
CSFmreynolds,mreynolds,Michael Reynolds Jabber,4083,Michael Reynolds,Michael Reynolds 4083
CSFdscaife,dscaife,Delano Scaife Jabber,3464,Delano Scaife,Delano Scaife 3464
CSFsreynolds,sreynolds,Shelly Reynolds Jabber,4093,Shelly Reynolds,Shelly Reynolds 4093
CSFcyvander,cyvander,Cindy Vanderberg Jabber,3364,Cindy Vanderberg,Cindy Vanderberg 3364
